DELETE FROM Quizzes;
DELETE FROM Exercises;
DELETE FROM Roadmaps;
DELETE FROM Sections;
DELETE FROM Users;


-- Insert Users
INSERT INTO Users (Username) VALUES 
('geo_learner1'), 
('map_master'), 
('continent_king');

-- Insert Roadmaps
INSERT INTO Roadmaps (Name) VALUES 
('World Geography');

-- Insert Sections
INSERT INTO Sections (SubjectId, Title, Description, RoadmapId, OrderNumber) VALUES
(1, 'Introduction to Continents', 'Learn the basics of continents', 1, 1),
(1, 'Countries of Europe', 'Explore the countries in Europe', 1, 2),
(1, 'Asian Capitals', 'Memorize the capitals of Asia', 1, 3);

DELETE FROM Quizzes;
-- Insert Quizzes
INSERT INTO Quizzes (SectionId, OrderNumber) VALUES 
(1, 1), (1, 2), (1, 3), (1, 4), (1,5),
(2, 1), (2, 2), (2, 3),
(3, 1), (3, 2), (3, 3), (3, 4),
(null, null), (null, null), (null, null), (null, null), (null, null);


INSERT INTO Exams (SectionId) VALUES
(1), (2), (3), (null), (null);



-- Insert Exercises
INSERT INTO Exercises (Type, DifficultyId, Question) VALUES 
('MultipleChoiceExercise', 1, 'Which continent is home to the Amazon Rainforest?'),
('MultipleChoiceExercise', 2, 'What is the smallest continent by land area?'),
('MultipleChoiceExercise', 3, 'Which continent has the most countries?'),
('MultipleChoiceExercise', 1, 'Which continent is known as the birthplace of civilization?'),
('MultipleChoiceExercise', 2, 'What is the only continent that spans all four hemispheres?'),
('MultipleChoiceExercise', 3, 'Which continent is home to the Sahara Desert?'),
('MultipleChoiceExercise', 1, 'Which continent has the longest river in the world?'),
('MultipleChoiceExercise', 2, 'Which continent is home to the most spoken languages?'),
('MultipleChoiceExercise', 3, 'Which continent has the highest average elevation?'),
('MultipleChoiceExercise', 1, 'Which continent contains the worlds driest desert?'),
('MultipleChoiceExercise', 2, 'Which continent is entirely in the Southern Hemisphere?'),
('MultipleChoiceExercise', 3, 'Which continent is known for having the most biodiversity?'),
('MultipleChoiceExercise', 1, 'Which continent is the coldest on average?'),
('MultipleChoiceExercise', 2, 'Which continent has the largest population?'),
('MultipleChoiceExercise', 3, 'Which continent has the longest mountain range?'),
('MultipleChoiceExercise', 1, 'Which continent is surrounded by the Indian, Pacific, and Southern Oceans?'),
('MultipleChoiceExercise', 2, 'Which continent is often referred to as the "cradle of humanity"?'),
('MultipleChoiceExercise', 3, 'Which continent is the least populated?'),
('MultipleChoiceExercise', 1, 'Which continent contains the largest island in the world?'),
('MultipleChoiceExercise', 2, 'Which continent has the most UNESCO World Heritage Sites?'),
('FillInTheBlankExercise', 2, 'The capital of Germany is {}.'),
('FillInTheBlankExercise', 3, 'The Old world is {} while the New world is {}.'),
('FillInTheBlankExercise', 2, 'The capital of the USA is {}.'),
('FillInTheBlankExercise', 3, 'The capital of Brazil is {}.'),
('FillInTheBlankExercise', 1, 'The capital of Japan is {}.'),
('FillInTheBlankExercise', 2, 'The capital of Spain is {}.'),
('FillInTheBlankExercise', 3, 'The capital of Canada is {}.'),
('FillInTheBlankExercise', 1, 'Lake Baikal is the {} lake'),
('FillInTheBlankExercise', 2, 'The largest ocean in the world is the {}.'),
('FillInTheBlankExercise', 3, 'Mount Everest is located in the country of {}.'),
('FillInTheBlankExercise', 1, 'The Sahara Desert is found on the continent of {}.'),
('FillInTheBlankExercise', 2, 'The Amazon Rainforest is mostly in {}.'),
('FillInTheBlankExercise', 3, 'The longest river in the world is the {}.'),
('FillInTheBlankExercise', 1, 'The capital city of Australia is {}.'),
('FillInTheBlankExercise', 2, 'The only continent that is also a country is {}.'),
('FillInTheBlankExercise', 3, 'The Great Barrier Reef is located near the coast of {}.'),
('FillInTheBlankExercise', 1, 'The second-largest continent by land area is {}.'),
('FillInTheBlankExercise', 2, 'The European country known for its fjords is {}.'),
('FillInTheBlankExercise', 3, 'The city with the most population in the world is   {}.'),
('FillInTheBlankExercise', 1, 'The Ural Mountains separate Europe from {}.'),
('AssociationExercise', 1, 'Match the country with its capital.'),
('AssociationExercise', 2, 'Match the continent with its largest country.'),
('AssociationExercise', 3, 'Match the country with its famous landmark.'),
('AssociationExercise', 1, 'Match the country with its capital.'),
('AssociationExercise', 2, 'Match the continent with its most populous country.'),
('AssociationExercise', 3, 'Match the country with its famous landmark.'),
('AssociationExercise', 1, 'Match the country with its capital.'),
('AssociationExercise', 2, 'Match the continent with its largest country.'),
('AssociationExercise', 3, 'Match the country with its famous landmark.'),
('AssociationExercise', 1, 'Match the country with its capital.'),
('AssociationExercise', 2, 'Match the continent with its largest country.'),
('AssociationExercise', 3, 'Match the country with its famous landmark.'),
('AssociationExercise', 1, 'Match the country with its capital.'),
('AssociationExercise', 2, 'Match the continent with its largest country.'),
('AssociationExercise', 3, 'Match the country with its famous landmark.'),
('AssociationExercise', 1, 'Match the country with its capital.'),
('AssociationExercise', 2, 'Match the continent with its largest country.'),
('AssociationExercise', 3, 'Match the country with its famous landmark.'),
('AssociationExercise', 1, 'Match the country with its capital.'),
('AssociationExercise', 2, 'Match the continent with its most populous country.'),
('FlashcardExercise', 1, 'What is the capital of Japan?'),
('FlashcardExercise', 2, 'What is the capital of Italy?'),
('FlashcardExercise', 3, 'What is the capital of Canada?'),
('FlashcardExercise', 1, 'What is the capital of Australia?'),
('FlashcardExercise', 2, 'What is the capital of Spain?'),
('FlashcardExercise', 3, 'What is the capital of Brazil?'),
('FlashcardExercise', 1, 'What is the capital of Canada?'),
('FlashcardExercise', 2, 'What is the capital of Japan?'),
('FlashcardExercise', 3, 'What is the capital of Italy?'),
('FlashcardExercise', 1, 'What is the capital of Australia?'),
('FlashcardExercise', 2, 'What is the capital of Spain?'),
('FlashcardExercise', 3, 'What is the capital of Hungary?'),
('FlashcardExercise', 3, 'What is the capital of Romania?'),
('FlashcardExercise', 3, 'What is the capital of Serbia?'),
('FlashcardExercise', 3, 'What is the capital of Austria?'),
('FlashcardExercise', 3, 'What is the capital of Poland?'),
('FlashcardExercise', 3, 'What is the capital of Belarus?'),
('FlashcardExercise', 3, 'What is the capital of Lithuania?'),
('FlashcardExercise', 3, 'What is the capital of Belgium?'),
('FlashcardExercise', 3, 'What is the capital of Sweden?');

-- Insert Multiple Choice Exercise Details
INSERT INTO MultipleChoiceExercises (ExerciseId, CorrectAnswer) VALUES 
(1, 'South America'),
(2, 'Australia'),
(3, 'Africa'),
(4, 'Europe'),
(5, 'Europe'),
(6, 'Africa'),
(7, 'Africa'),
(8, 'Asia'),
(9, 'Antarctica'),
(10, 'South America'),
(11, 'Antarctica'),
(12, 'South America'),
(13, 'Antarctica'),
(14, 'Asia'),
(15, 'North America'),
(16, 'Australia'),
(17, 'Europe'),
(18, 'Antarctica'),
(19, 'North America'),
(20, 'Europe');

INSERT INTO MultipleChoiceOptions (ExerciseId, OptionText) VALUES 
(1, 'Africa'),
(1, 'Europe'),
(1, 'North America'),
(2, 'Antarctica'),
(2, 'Asia'),
(2, 'Europe'),
(3, 'Asia'),
(3, 'North America'),
(3, 'Europe'),
(4, 'Asia'),
(4, 'Africa'),
(4, 'North America'),
(5, 'Australia'),
(5, 'Asia'),
(5, 'North America'),
(6, 'Asia'),
(6, 'North America'),
(6, 'Europe'),
(7, 'North America'),
(7, 'Asia'),
(7, 'Europe'),
(8, 'North America'),
(8, 'Europe'),
(8, 'Australia'),
(9, 'North America'),
(9, 'Asia'),
(10, 'North America'),
(10, 'Asia'),
(10, 'Europe'),
(11, 'North America'),
(11, 'Asia'),
(12, 'North America'),
(12, 'Asia'),
(12, 'Europe'),
(13, 'North America'),
(13, 'Asia'),
(14, 'North America'),
(14, 'Europe'),
(15, 'South America'),
(15, 'Europe'),
(16, 'North America'),
(16, 'Asia'),
(17, 'North America'),
(17, 'Asia'),
(18, 'North America'),
(18, 'Asia'),
(19, 'Asia'),
(20, 'North America'),
(20, 'Asia');

-- Insert Fill In The Blank Answers
INSERT INTO FillInTheBlankExercises (ExerciseId) VALUES
(21), (22), (23), (24), (25),
(26), (27), (28), (29), (30),
(31), (32), (33), (34), (35),
(36), (37), (38), (39), (40);

INSERT INTO FillInTheBlankAnswers (ExerciseId, CorrectAnswer) VALUES 
(21, 'Berlin'),
(22, 'Europe'),
(22, 'America'),
(23, 'Washington D.C.'),
(24, 'Brasilia'),
(25, 'Tokyo'),
(26, 'Madrid'),
(27, 'Ottawa'),
(28, 'deepest'),
(29, 'Pacific Ocean'),
(30, 'Nepal'),
(31, 'Africa'),
(32, 'Brazil'),
(33, 'Nile'),
(34, 'Canberra'),
(35, 'Australia'),
(36, 'Australia'),
(37, 'Africa'),
(38, 'Norway'),
(39, 'Tokyo'),
(40, 'Asia');

-- Insert Association Exercise
INSERT INTO AssociationExercises (ExerciseId) VALUES
(41), (42), (43), (44), (45),
(46), (47), (48), (49), (50),
(51), (52), (53), (54), (55),
(56), (57), (58), (59), (60);

INSERT INTO AssociationPairs (ExerciseId, FirstAnswer, SecondAnswer) VALUES 
(41, 'Japan', 'Tokyo'),
(41, 'Romania', 'Bucharest'),
(41, 'Thailand', 'Bangkok'),
(42, 'Africa', 'Algeria'),
(42, 'Europe', 'Russia'),
(42, 'North America', 'Canada'),
(43, 'Egypt', 'Pyramids'),
(43, 'UK', 'Stonehenge'),
(43, 'France', 'Arc de Triomphe'),
(44, 'Japan', 'Tokyo'),
(44, 'Romania', 'Bucharest'),
(44, 'Thailand', 'Bangkok'),
(45, 'Africa', 'Algeria'),
(45, 'Europe', 'Russia'),
(45, 'North America', 'Canada'),
(46, 'Egypt', 'Pyramids'),
(46, 'UK', 'Stonehenge'),
(46, 'France', 'Arc de Triomphe'),
(47, 'Japan', 'Tokyo'),
(47, 'Romania', 'Bucharest'),
(47, 'Thailand', 'Bangkok'),
(48, 'Africa', 'Algeria'),
(48, 'Europe', 'Russia'),
(48, 'North America', 'Canada'),
(49, 'Egypt', 'Pyramids'),
(49, 'UK', 'Stonehenge'),
(49, 'France', 'Arc de Triomphe'),
(50, 'Japan', 'Tokyo'),
(50, 'Romania', 'Bucharest'),
(50, 'Thailand', 'Bangkok'),
(51, 'Africa', 'Algeria'),
(51, 'Europe', 'Russia'),
(51, 'North America', 'Canada'),
(52, 'Egypt', 'Pyramids'),
(52, 'UK', 'Stonehenge'),
(52, 'France', 'Arc de Triomphe'),
(53, 'Japan', 'Tokyo'),
(53, 'Romania', 'Bucharest'),
(53, 'Thailand', 'Bangkok'),
(54, 'Africa', 'Algeria'),
(54, 'Europe', 'Russia'),
(54, 'North America', 'Canada'),
(55, 'Egypt', 'Pyramids'),
(55, 'UK', 'Stonehenge'),
(55, 'France', 'Arc de Triomphe'),
(56, 'Japan', 'Tokyo'),
(56, 'Romania', 'Bucharest'),
(56, 'Thailand', 'Bangkok'),
(57, 'Africa', 'Algeria'),
(57, 'Europe', 'Russia'),
(57, 'North America', 'Canada'),
(58, 'Egypt', 'Pyramids'),
(58, 'UK', 'Stonehenge'),
(58, 'France', 'Arc de Triomphe'),
(59, 'Africa', 'Algeria'),
(59, 'Europe', 'Russia'),
(59, 'North America', 'Canada'),
(60, 'Egypt', 'Pyramids'),
(60, 'UK', 'Stonehenge'),
(60, 'France', 'Arc de Triomphe');

-- Insert Flashcard Exercise
INSERT INTO FlashcardExercises (ExerciseId, Answer) VALUES 
(61, 'Tokyo'),
(62, 'Rome'),
(63, 'Ottawa'),
(64, 'Canberra'),
(65, 'Madrid'),
(66, 'Brasilia'),
(67, 'Ottawa'),
(68, 'Tokyo'),
(69, 'Rome'),
(70, 'Canberra'),
(71, 'Madrid'),
(72, 'Budapest'),
(73, 'Bucharest'),
(74, 'Belgrade'),
(75, 'Vienna'),
(76, 'Warsaw'),
(77, 'Minsk'),
(78, 'Vilnius'),
(79, 'Brussels'),
(80, 'Stockholm');

-- Link Exercises to Quizzes
INSERT INTO QuizExercises (QuizId, ExerciseId) VALUES 
(1, 13), (1, 37), (1, 74), (1, 15), (1, 40), (1, 42), (1, 1), (1, 76), (1, 27), (1, 67),
(2, 26), (2, 31), (2, 28), (2, 1), (2, 56), (2, 47), (2, 39), (2, 69), (2, 2), (2, 45),
(3, 7), (3, 62), (3, 1), (3, 18), (3, 54), (3, 26), (3, 12), (3, 60), (3, 30), (3, 28),
(4, 54), (4, 52), (4, 40), (4, 13), (4, 47), (4, 68), (4, 75), (4, 36), (4, 5), (4, 50),
(5, 67), (5, 1), (5, 18), (5, 57), (5, 60), (5, 46), (5, 58), (5, 17), (5, 36), (5, 30),
(6, 68), (6, 67), (6, 48), (6, 72), (6, 24), (6, 1), (6, 33), (6, 3), (6, 15), (6, 2),
(7, 9), (7, 37), (7, 46), (7, 10), (7, 35), (7, 66), (7, 14), (7, 16), (7, 77), (7, 69),
(8, 52), (8, 61), (8, 50), (8, 39), (8, 72), (8, 19), (8, 17), (8, 79), (8, 44), (8, 55),
(9, 2), (9, 10), (9, 80), (9, 7), (9, 58), (9, 1), (9, 71), (9, 24), (9, 59), (9, 50),
(10, 44), (10, 47), (10, 21), (10, 31), (10, 64), (10, 46), (10, 39), (10, 59), (10, 1), (10, 76),
(11, 64), (11, 56), (11, 59), (11, 43), (11, 35), (11, 45), (11, 5), (11, 1), (11, 20), (11, 71),
(12, 12), (12, 67), (12, 63), (12, 60), (12, 27), (12, 1), (12, 70), (12, 2), (12, 31), (12, 8),
(13, 45), (13, 40), (13, 66), (13, 5), (13, 78), (13, 67), (13, 59), (13, 29), (13, 58), (13, 30),
(14, 48), (14, 60), (14, 54), (14, 25), (14, 44), (14, 41), (14, 2), (14, 69), (14, 43), (14, 55),
(15, 58), (15, 62), (15, 23), (15, 72), (15, 29), (15, 49), (15, 44), (15, 9), (15, 50), (15, 55),
(16, 57), (16, 1), (16, 45), (16, 77), (16, 39), (16, 2), (16, 8), (16, 29), (16, 48), (16, 26),
(17, 53), (17, 1), (17, 23), (17, 75), (17, 2), (17, 64), (17, 57), (17, 19), (17, 69), (17, 55);

INSERT INTO ExamExercises (ExamId, ExerciseId) VALUES
(1, 1), (1, 3), (1, 5), (1, 7), (1, 9), (1, 11), (1, 13), (1, 15), (1, 17), (1, 19), (1, 21), (1, 23), (1, 25), (1, 27), (1, 29), (1, 31), (1, 33), (1, 35), (1, 37), (1, 39), (1, 41), (1, 43), (1, 45), (1, 47), (1, 49),
(2, 1), (2, 3), (2, 5), (2, 7), (2, 9), (2, 11), (2, 13), (2, 15), (2, 17), (2, 19), (2, 21), (2, 23), (2, 25), (2, 27), (2, 29), (2, 31), (2, 33), (2, 35), (2, 37), (2, 39), (2, 41), (2, 43), (2, 45), (2, 47), (2, 49),
(3, 1), (3, 3), (3, 5), (3, 7), (3, 9), (3, 11), (3, 13), (3, 15), (3, 17), (3, 19), (3, 21), (3, 23), (3, 25), (3, 27), (3, 29), (3, 31), (3, 33), (3, 35), (3, 37), (3, 39), (3, 41), (3, 43), (3, 45), (3, 47), (3, 49),
(4, 1), (4, 3), (4, 5), (4, 7), (4, 9), (4, 11), (4, 13), (4, 15), (4, 17), (4, 19), (4, 21), (4, 23), (4, 25), (4, 27), (4, 29), (4, 31), (4, 33), (4, 35), (4, 37), (4, 39), (4, 41), (4, 43), (4, 45), (4, 47), (4, 49),
(5, 1), (5, 3), (5, 5), (5, 7), (5, 9), (5, 11), (5, 13), (5, 15), (5, 17), (5, 19), (5, 21), (5, 23), (5, 25), (5, 27), (5, 29), (5, 31), (5, 33), (5, 35), (5, 37), (5, 39), (5, 41), (5, 43), (5, 45), (5, 47), (5, 49);


